{"cameraMode":{"drawMode":0,"name":"Shaded","section":"Shading Mode"},"sceneLighting":false,"audioPlay":false,"sceneViewState":{"showFog":true,"showMaterialUpdate":false,"showSkybox":true,"showFlares":true,"showImageEffects":true,"showParticleSystems":true},"in2DMode":false,"pivot":{"x":-24.033273696899415,"y":-1.8318872451782227,"z":-13.122004508972168},"rotation":{"x":-0.10578631609678269,"y":0.4774131178855896,"z":-0.057930782437324527,"w":-0.8703620433807373},"size":28.377336502075197,"orthographic":false}