{"cameraMode":{"drawMode":0,"name":"Shaded","section":"Shading Mode"},"sceneLighting":true,"audioPlay":false,"sceneViewState":{"showFog":true,"showMaterialUpdate":false,"showSkybox":true,"showFlares":true,"showImageEffects":true,"showParticleSystems":true},"in2DMode":false,"pivot":{"x":-0.24000000953674317,"y":5.373981475830078,"z":11.430000305175782},"rotation":{"x":0.0644446536898613,"y":-0.7628429532051086,"z":0.0768965408205986,"w":0.6387523412704468},"size":2.8578836917877199,"orthographic":false}