{"cameraMode":{"drawMode":0,"name":"Shaded","section":"Shading Mode"},"sceneLighting":false,"audioPlay":false,"sceneViewState":{"showFog":true,"showMaterialUpdate":false,"showSkybox":true,"showFlares":true,"showImageEffects":true,"showParticleSystems":true},"in2DMode":false,"pivot":{"x":0.0000019073486328125,"y":-6.216372966766357,"z":-0.000003814697265625},"rotation":{"x":0.012865508906543255,"y":0.5115936398506165,"z":0.007712329272180796,"w":-0.8590965867042542},"size":57.15776824951172,"orthographic":false}