{"cameraMode":{"drawMode":0,"name":"Shaded","section":"Shading Mode"},"sceneLighting":false,"audioPlay":false,"sceneViewState":{"showFog":true,"showMaterialUpdate":false,"showSkybox":true,"showFlares":true,"showImageEffects":true,"showParticleSystems":true},"in2DMode":false,"pivot":{"x":42.44682312011719,"y":5.430000305175781,"z":-42.71996307373047},"rotation":{"x":0.1707535982131958,"y":-0.6903072595596314,"z":0.1728249490261078,"w":0.6815062165260315},"size":71.44709777832031,"orthographic":false}