{"cameraMode":{"drawMode":0,"name":"Shaded","section":"Shading Mode"},"sceneLighting":false,"audioPlay":false,"sceneViewState":{"showFog":true,"showMaterialUpdate":false,"showSkybox":true,"showFlares":true,"showImageEffects":true,"showParticleSystems":true},"in2DMode":false,"pivot":{"x":-0.2775821089744568,"y":-0.6189784407615662,"z":-0.17522242665290833},"rotation":{"x":0.09362147748470307,"y":0.05542938411235809,"z":-0.005267528351396322,"w":0.9940497875213623},"size":71.6353759765625,"orthographic":false}