{"cameraMode":{"drawMode":0,"name":"Shaded","section":"Shading Mode"},"sceneLighting":false,"audioPlay":false,"sceneViewState":{"showFog":true,"showMaterialUpdate":false,"showSkybox":true,"showFlares":true,"showImageEffects":true,"showParticleSystems":true},"in2DMode":false,"pivot":{"x":61.919761657714847,"y":0.5101003646850586,"z":60.81238555908203},"rotation":{"x":0.01051030308008194,"y":-0.39242371916770937,"z":0.004433443304151297,"w":0.9197138547897339},"size":85.20201110839844,"orthographic":false}