{"cameraMode":{"drawMode":0,"name":"Shaded","section":"Shading Mode"},"sceneLighting":false,"audioPlay":false,"sceneViewState":{"showFog":true,"showMaterialUpdate":false,"showSkybox":true,"showFlares":true,"showImageEffects":true,"showParticleSystems":true},"in2DMode":false,"pivot":{"x":-5.511782646179199,"y":6.363889694213867,"z":8.610661506652832},"rotation":{"x":0.1034637913107872,"y":-0.8253946900367737,"z":0.1607016623020172,"w":0.5312191843986511},"size":20.283069610595704,"orthographic":false}