{"cameraMode":{"drawMode":0,"name":"Shaded","section":"Shading Mode"},"sceneLighting":false,"audioPlay":false,"sceneViewState":{"showFog":true,"showMaterialUpdate":false,"showSkybox":true,"showFlares":true,"showImageEffects":true,"showParticleSystems":true},"in2DMode":false,"pivot":{"x":249.06671142578126,"y":0.4558117389678955,"z":249.3424072265625},"rotation":{"x":-0.07335878163576126,"y":0.7284479141235352,"z":-0.07897602021694184,"w":-0.6765685677528381},"size":7.138550758361816,"orthographic":false}